<?xml version="1.0" encoding="UTF-8" standalone="yes"?>
<characters>
    <character>
        <character>
            <type>Bully</type>
            <imagePath>monster1.gif</imagePath>
            <name>Akash</name>
            <health>10</health>
            <constitutionModifier>2</constitutionModifier>
            <strengthModifier>3</strengthModifier>
            <dexterityModifier>0</dexterityModifier>
            <intelligenceModifier>0</intelligenceModifier>
            <charismaModifier>0</charismaModifier>
            <wisdomModifier>0</wisdomModifier>
            <level>2</level>
            <strength>16</strength>
            <constitution>14</constitution>
            <intelligence>12</intelligence>
            <charisma>9</charisma>
            <vitality>0</vitality>
            <inventory>
                <equippedWeapon>
                    <name>Short Sword</name>
                    <itemID>0</itemID>
                    <intelligenceModifier>0</intelligenceModifier>
                    <wisdomModifier>0</wisdomModifier>
                    <strengthModifer>0</strengthModifer>
                    <constitutionModifier>0</constitutionModifier>
                    <charismaModifer>0</charismaModifer>
                    <dexterityModifer>0</dexterityModifer>
                    <armourPts>0</armourPts>
                    <weaponType>Melee Weapon</weaponType>
                    <attackRange>1</attackRange>
                    <attackPts>5</attackPts>
                </equippedWeapon>
                <chest>
                    <name>FullPlate</name>
                    <itemID>0</itemID>
                    <intelligenceModifier>0</intelligenceModifier>
                    <wisdomModifier>0</wisdomModifier>
                    <strengthModifer>0</strengthModifer>
                    <constitutionModifier>0</constitutionModifier>
                    <charismaModifer>0</charismaModifer>
                    <dexterityModifer>0</dexterityModifer>
                    <armourPts>8</armourPts>
                    <armourType>chest</armourType>
                </chest>
                <shield>
                    <name>TowerShield</name>
                    <itemID>0</itemID>
                    <intelligenceModifier>0</intelligenceModifier>
                    <wisdomModifier>0</wisdomModifier>
                    <strengthModifer>0</strengthModifer>
                    <constitutionModifier>0</constitutionModifier>
                    <charismaModifer>0</charismaModifer>
                    <dexterityModifer>0</dexterityModifer>
                    <armourPts>4</armourPts>
                    <armourType>shield</armourType>
                </shield>
                <items xmlns:xsi="http://www.w3.org/2001/XMLSchema-instance" xsi:type="weapon">
                    <name>Long Bow</name>
                    <itemID>0</itemID>
                    <intelligenceModifier>0</intelligenceModifier>
                    <wisdomModifier>0</wisdomModifier>
                    <strengthModifer>0</strengthModifer>
                    <constitutionModifier>0</constitutionModifier>
                    <charismaModifer>0</charismaModifer>
                    <dexterityModifer>0</dexterityModifer>
                    <armourPts>0</armourPts>
                    <weaponType>Ranged Weapon</weaponType>
                    <attackRange>2</attackRange>
                    <attackPts>5</attackPts>
                </items>
            </inventory>
            <dexterity>11</dexterity>
            <wisdom>17</wisdom>
            <attackedByPlayer>false</attackedByPlayer>
        </character>
        <character>
            <type>Bully</type>
            <imagePath>monster1.gif</imagePath>
            <name>D</name>
            <health>10</health>
            <constitutionModifier>2</constitutionModifier>
            <strengthModifier>4</strengthModifier>
            <dexterityModifier>0</dexterityModifier>
            <intelligenceModifier>0</intelligenceModifier>
            <charismaModifier>0</charismaModifier>
            <wisdomModifier>0</wisdomModifier>
            <level>2</level>
            <strength>18</strength>
            <constitution>15</constitution>
            <intelligence>13</intelligence>
            <charisma>7</charisma>
            <vitality>0</vitality>
            <inventory>
                <equippedWeapon>
                    <name>Short Sword</name>
                    <itemID>0</itemID>
                    <intelligenceModifier>0</intelligenceModifier>
                    <wisdomModifier>0</wisdomModifier>
                    <strengthModifer>0</strengthModifer>
                    <constitutionModifier>0</constitutionModifier>
                    <charismaModifer>0</charismaModifer>
                    <dexterityModifer>0</dexterityModifer>
                    <armourPts>0</armourPts>
                    <weaponType>Melee Weapon</weaponType>
                    <attackRange>1</attackRange>
                    <attackPts>5</attackPts>
                </equippedWeapon>
                <chest>
                    <name>FullPlate</name>
                    <itemID>0</itemID>
                    <intelligenceModifier>0</intelligenceModifier>
                    <wisdomModifier>0</wisdomModifier>
                    <strengthModifer>0</strengthModifer>
                    <constitutionModifier>0</constitutionModifier>
                    <charismaModifer>0</charismaModifer>
                    <dexterityModifer>0</dexterityModifer>
                    <armourPts>8</armourPts>
                    <armourType>chest</armourType>
                </chest>
                <shield>
                    <name>TowerShield</name>
                    <itemID>0</itemID>
                    <intelligenceModifier>0</intelligenceModifier>
                    <wisdomModifier>0</wisdomModifier>
                    <strengthModifer>0</strengthModifer>
                    <constitutionModifier>0</constitutionModifier>
                    <charismaModifer>0</charismaModifer>
                    <dexterityModifer>0</dexterityModifer>
                    <armourPts>4</armourPts>
                    <armourType>shield</armourType>
                </shield>
                <items xmlns:xsi="http://www.w3.org/2001/XMLSchema-instance" xsi:type="weapon">
                    <name>Long Bow</name>
                    <itemID>0</itemID>
                    <intelligenceModifier>0</intelligenceModifier>
                    <wisdomModifier>0</wisdomModifier>
                    <strengthModifer>0</strengthModifer>
                    <constitutionModifier>0</constitutionModifier>
                    <charismaModifer>0</charismaModifer>
                    <dexterityModifer>0</dexterityModifer>
                    <armourPts>0</armourPts>
                    <weaponType>Ranged Weapon</weaponType>
                    <attackRange>2</attackRange>
                    <attackPts>5</attackPts>
                </items>
            </inventory>
            <dexterity>11</dexterity>
            <wisdom>17</wisdom>
            <attackedByPlayer>false</attackedByPlayer>
        </character>
        <character>
            <type>Bully</type>
            <imagePath>monster1.gif</imagePath>
            <name>Q</name>
            <health>10</health>
            <constitutionModifier>2</constitutionModifier>
            <strengthModifier>4</strengthModifier>
            <dexterityModifier>0</dexterityModifier>
            <intelligenceModifier>0</intelligenceModifier>
            <charismaModifier>0</charismaModifier>
            <wisdomModifier>0</wisdomModifier>
            <level>2</level>
            <strength>18</strength>
            <constitution>15</constitution>
            <intelligence>13</intelligence>
            <charisma>7</charisma>
            <vitality>0</vitality>
            <inventory>
                <equippedWeapon>
                    <name>Short Sword</name>
                    <itemID>0</itemID>
                    <intelligenceModifier>0</intelligenceModifier>
                    <wisdomModifier>0</wisdomModifier>
                    <strengthModifer>0</strengthModifer>
                    <constitutionModifier>0</constitutionModifier>
                    <charismaModifer>0</charismaModifer>
                    <dexterityModifer>0</dexterityModifer>
                    <armourPts>0</armourPts>
                    <weaponType>Melee Weapon</weaponType>
                    <attackRange>1</attackRange>
                    <attackPts>5</attackPts>
                </equippedWeapon>
                <chest>
                    <name>FullPlate</name>
                    <itemID>0</itemID>
                    <intelligenceModifier>0</intelligenceModifier>
                    <wisdomModifier>0</wisdomModifier>
                    <strengthModifer>0</strengthModifer>
                    <constitutionModifier>0</constitutionModifier>
                    <charismaModifer>0</charismaModifer>
                    <dexterityModifer>0</dexterityModifer>
                    <armourPts>8</armourPts>
                    <armourType>chest</armourType>
                </chest>
                <shield>
                    <name>TowerShield</name>
                    <itemID>0</itemID>
                    <intelligenceModifier>0</intelligenceModifier>
                    <wisdomModifier>0</wisdomModifier>
                    <strengthModifer>0</strengthModifer>
                    <constitutionModifier>0</constitutionModifier>
                    <charismaModifer>0</charismaModifer>
                    <dexterityModifer>0</dexterityModifer>
                    <armourPts>4</armourPts>
                    <armourType>shield</armourType>
                </shield>
                <items xmlns:xsi="http://www.w3.org/2001/XMLSchema-instance" xsi:type="weapon">
                    <name>Long Bow</name>
                    <itemID>0</itemID>
                    <intelligenceModifier>0</intelligenceModifier>
                    <wisdomModifier>0</wisdomModifier>
                    <strengthModifer>0</strengthModifer>
                    <constitutionModifier>0</constitutionModifier>
                    <charismaModifer>0</charismaModifer>
                    <dexterityModifer>0</dexterityModifer>
                    <armourPts>0</armourPts>
                    <weaponType>Ranged Weapon</weaponType>
                    <attackRange>2</attackRange>
                    <attackPts>5</attackPts>
                </items>
            </inventory>
            <dexterity>11</dexterity>
            <wisdom>17</wisdom>
            <attackedByPlayer>false</attackedByPlayer>
        </character>
        <character>
            <type>Tank</type>
            <imagePath>monster2.gif</imagePath>
            <name>z</name>
            <health>10</health>
            <constitutionModifier>-1</constitutionModifier>
            <strengthModifier>0</strengthModifier>
            <dexterityModifier>1</dexterityModifier>
            <intelligenceModifier>0</intelligenceModifier>
            <charismaModifier>0</charismaModifier>
            <wisdomModifier>0</wisdomModifier>
            <level>3</level>
            <strength>10</strength>
            <constitution>9</constitution>
            <intelligence>8</intelligence>
            <charisma>20</charisma>
            <vitality>0</vitality>
            <inventory>
                <equippedWeapon>
                    <name>Short Sword</name>
                    <itemID>0</itemID>
                    <intelligenceModifier>0</intelligenceModifier>
                    <wisdomModifier>0</wisdomModifier>
                    <strengthModifer>0</strengthModifer>
                    <constitutionModifier>0</constitutionModifier>
                    <charismaModifer>0</charismaModifer>
                    <dexterityModifer>0</dexterityModifer>
                    <armourPts>0</armourPts>
                    <weaponType>Melee Weapon</weaponType>
                    <attackRange>1</attackRange>
                    <attackPts>5</attackPts>
                </equippedWeapon>
                <chest>
                    <name>FullPlate</name>
                    <itemID>0</itemID>
                    <intelligenceModifier>0</intelligenceModifier>
                    <wisdomModifier>0</wisdomModifier>
                    <strengthModifer>0</strengthModifer>
                    <constitutionModifier>0</constitutionModifier>
                    <charismaModifer>0</charismaModifer>
                    <dexterityModifer>0</dexterityModifer>
                    <armourPts>8</armourPts>
                    <armourType>chest</armourType>
                </chest>
                <shield>
                    <name>TowerShield</name>
                    <itemID>0</itemID>
                    <intelligenceModifier>0</intelligenceModifier>
                    <wisdomModifier>0</wisdomModifier>
                    <strengthModifer>0</strengthModifer>
                    <constitutionModifier>0</constitutionModifier>
                    <charismaModifer>0</charismaModifer>
                    <dexterityModifer>0</dexterityModifer>
                    <armourPts>4</armourPts>
                    <armourType>shield</armourType>
                </shield>
                <items xmlns:xsi="http://www.w3.org/2001/XMLSchema-instance" xsi:type="weapon">
                    <name>Long Bow</name>
                    <itemID>0</itemID>
                    <intelligenceModifier>0</intelligenceModifier>
                    <wisdomModifier>0</wisdomModifier>
                    <strengthModifer>0</strengthModifer>
                    <constitutionModifier>0</constitutionModifier>
                    <charismaModifer>0</charismaModifer>
                    <dexterityModifer>0</dexterityModifer>
                    <armourPts>0</armourPts>
                    <weaponType>Ranged Weapon</weaponType>
                    <attackRange>2</attackRange>
                    <attackPts>5</attackPts>
                </items>
            </inventory>
            <dexterity>13</dexterity>
            <wisdom>17</wisdom>
            <attackedByPlayer>false</attackedByPlayer>
        </character>
        <character>
            <type>Tank</type>
            <imagePath>monster3.gif</imagePath>
            <name>TerribleAkash</name>
            <health>10</health>
            <constitutionModifier>3</constitutionModifier>
            <strengthModifier>0</strengthModifier>
            <dexterityModifier>2</dexterityModifier>
            <intelligenceModifier>0</intelligenceModifier>
            <charismaModifier>0</charismaModifier>
            <wisdomModifier>0</wisdomModifier>
            <level>2</level>
            <strength>10</strength>
            <constitution>16</constitution>
            <intelligence>13</intelligence>
            <charisma>17</charisma>
            <vitality>0</vitality>
            <inventory>
                <equippedWeapon>
                    <name>Weapons</name>
                    <itemID>0</itemID>
                    <intelligenceModifier>0</intelligenceModifier>
                    <wisdomModifier>0</wisdomModifier>
                    <strengthModifer>0</strengthModifer>
                    <constitutionModifier>0</constitutionModifier>
                    <charismaModifer>0</charismaModifer>
                    <dexterityModifer>0</dexterityModifer>
                    <armourPts>0</armourPts>
                    <weaponType>Melee Weapon</weaponType>
                    <attackRange>2</attackRange>
                    <attackPts>2</attackPts>
                </equippedWeapon>
                <chest>
                    <name>Armourr</name>
                    <itemID>0</itemID>
                    <intelligenceModifier>0</intelligenceModifier>
                    <wisdomModifier>0</wisdomModifier>
                    <strengthModifer>0</strengthModifer>
                    <constitutionModifier>0</constitutionModifier>
                    <charismaModifer>0</charismaModifer>
                    <dexterityModifer>0</dexterityModifer>
                    <armourPts>4</armourPts>
                    <armourType>chest</armourType>
                </chest>
                <shield>
                    <name>Armour</name>
                    <itemID>0</itemID>
                    <intelligenceModifier>0</intelligenceModifier>
                    <wisdomModifier>0</wisdomModifier>
                    <strengthModifer>0</strengthModifer>
                    <constitutionModifier>0</constitutionModifier>
                    <charismaModifer>0</charismaModifer>
                    <dexterityModifer>0</dexterityModifer>
                    <armourPts>2</armourPts>
                    <armourType>helmet</armourType>
                </shield>
                <items xmlns:xsi="http://www.w3.org/2001/XMLSchema-instance" xsi:type="weapon">
                    <name>Weaponsss</name>
                    <itemID>0</itemID>
                    <intelligenceModifier>0</intelligenceModifier>
                    <wisdomModifier>0</wisdomModifier>
                    <strengthModifer>0</strengthModifer>
                    <constitutionModifier>0</constitutionModifier>
                    <charismaModifer>0</charismaModifer>
                    <dexterityModifer>0</dexterityModifer>
                    <armourPts>0</armourPts>
                    <weaponType>Ranged Weapon</weaponType>
                    <attackRange>2</attackRange>
                    <attackPts>2</attackPts>
                </items>
            </inventory>
            <dexterity>15</dexterity>
            <wisdom>11</wisdom>
            <attackedByPlayer>false</attackedByPlayer>
        </character>
        <character>
            <type>Tank</type>
            <imagePath>monster3.gif</imagePath>
            <name>MonsterAkash</name>
            <health>10</health>
            <constitutionModifier>3</constitutionModifier>
            <strengthModifier>0</strengthModifier>
            <dexterityModifier>2</dexterityModifier>
            <intelligenceModifier>0</intelligenceModifier>
            <charismaModifier>0</charismaModifier>
            <wisdomModifier>0</wisdomModifier>
            <level>2</level>
            <strength>10</strength>
            <constitution>16</constitution>
            <intelligence>13</intelligence>
            <charisma>17</charisma>
            <vitality>0</vitality>
            <inventory>
                <equippedWeapon>
                    <name>Short Sword</name>
                    <itemID>0</itemID>
                    <intelligenceModifier>0</intelligenceModifier>
                    <wisdomModifier>0</wisdomModifier>
                    <strengthModifer>0</strengthModifer>
                    <constitutionModifier>0</constitutionModifier>
                    <charismaModifer>0</charismaModifer>
                    <dexterityModifer>0</dexterityModifer>
                    <armourPts>0</armourPts>
                    <weaponType>Melee Weapon</weaponType>
                    <attackRange>1</attackRange>
                    <attackPts>5</attackPts>
                </equippedWeapon>
                <chest>
                    <name>FullPlate</name>
                    <itemID>0</itemID>
                    <intelligenceModifier>0</intelligenceModifier>
                    <wisdomModifier>0</wisdomModifier>
                    <strengthModifer>0</strengthModifer>
                    <constitutionModifier>0</constitutionModifier>
                    <charismaModifer>0</charismaModifer>
                    <dexterityModifer>0</dexterityModifer>
                    <armourPts>8</armourPts>
                    <armourType>chest</armourType>
                </chest>
                <shield>
                    <name>TowerShield</name>
                    <itemID>0</itemID>
                    <intelligenceModifier>0</intelligenceModifier>
                    <wisdomModifier>0</wisdomModifier>
                    <strengthModifer>0</strengthModifer>
                    <constitutionModifier>0</constitutionModifier>
                    <charismaModifer>0</charismaModifer>
                    <dexterityModifer>0</dexterityModifer>
                    <armourPts>4</armourPts>
                    <armourType>shield</armourType>
                </shield>
                <items xmlns:xsi="http://www.w3.org/2001/XMLSchema-instance" xsi:type="weapon">
                    <name>Long Bow</name>
                    <itemID>0</itemID>
                    <intelligenceModifier>0</intelligenceModifier>
                    <wisdomModifier>0</wisdomModifier>
                    <strengthModifer>0</strengthModifer>
                    <constitutionModifier>0</constitutionModifier>
                    <charismaModifer>0</charismaModifer>
                    <dexterityModifer>0</dexterityModifer>
                    <armourPts>0</armourPts>
                    <weaponType>Ranged Weapon</weaponType>
                    <attackRange>2</attackRange>
                    <attackPts>5</attackPts>
                </items>
            </inventory>
            <dexterity>15</dexterity>
            <wisdom>11</wisdom>
            <attackedByPlayer>false</attackedByPlayer>
        </character>
        <character>
            <type>Tank</type>
            <imagePath>monster3.gif</imagePath>
            <name>MonsterMan</name>
            <health>10</health>
            <constitutionModifier>4</constitutionModifier>
            <strengthModifier>3</strengthModifier>
            <dexterityModifier>2</dexterityModifier>
            <intelligenceModifier>0</intelligenceModifier>
            <charismaModifier>0</charismaModifier>
            <wisdomModifier>0</wisdomModifier>
            <level>2</level>
            <strength>16</strength>
            <constitution>18</constitution>
            <intelligence>17</intelligence>
            <charisma>13</charisma>
            <vitality>0</vitality>
            <inventory>
                <equippedWeapon>
                    <name>Short Sword</name>
                    <itemID>0</itemID>
                    <intelligenceModifier>0</intelligenceModifier>
                    <wisdomModifier>0</wisdomModifier>
                    <strengthModifer>0</strengthModifer>
                    <constitutionModifier>0</constitutionModifier>
                    <charismaModifer>0</charismaModifer>
                    <dexterityModifer>0</dexterityModifer>
                    <armourPts>0</armourPts>
                    <weaponType>Melee Weapon</weaponType>
                    <attackRange>1</attackRange>
                    <attackPts>5</attackPts>
                </equippedWeapon>
                <chest>
                    <name>FullPlate</name>
                    <itemID>0</itemID>
                    <intelligenceModifier>0</intelligenceModifier>
                    <wisdomModifier>0</wisdomModifier>
                    <strengthModifer>0</strengthModifer>
                    <constitutionModifier>0</constitutionModifier>
                    <charismaModifer>0</charismaModifer>
                    <dexterityModifer>0</dexterityModifer>
                    <armourPts>8</armourPts>
                    <armourType>chest</armourType>
                </chest>
                <shield>
                    <name>TowerShield</name>
                    <itemID>0</itemID>
                    <intelligenceModifier>0</intelligenceModifier>
                    <wisdomModifier>0</wisdomModifier>
                    <strengthModifer>0</strengthModifer>
                    <constitutionModifier>0</constitutionModifier>
                    <charismaModifer>0</charismaModifer>
                    <dexterityModifer>0</dexterityModifer>
                    <armourPts>4</armourPts>
                    <armourType>shield</armourType>
                </shield>
                <items xmlns:xsi="http://www.w3.org/2001/XMLSchema-instance" xsi:type="weapon">
                    <name>Long Bow</name>
                    <itemID>0</itemID>
                    <intelligenceModifier>0</intelligenceModifier>
                    <wisdomModifier>0</wisdomModifier>
                    <strengthModifer>0</strengthModifer>
                    <constitutionModifier>0</constitutionModifier>
                    <charismaModifer>0</charismaModifer>
                    <dexterityModifer>0</dexterityModifer>
                    <armourPts>0</armourPts>
                    <weaponType>Ranged Weapon</weaponType>
                    <attackRange>2</attackRange>
                    <attackPts>5</attackPts>
                </items>
            </inventory>
            <dexterity>15</dexterity>
            <wisdom>19</wisdom>
            <attackedByPlayer>false</attackedByPlayer>
        </character>
    </character>
</characters>
