<?xml version="1.0" encoding="UTF-8" standalone="yes"?>
<characters>
    <character>
        <character xmlns:xsi="http://www.w3.org/2001/XMLSchema-instance" xsi:type="player">
            <type>Bully</type>
            <imagePath>Hero1.gif</imagePath>
            <name>Akash</name>
            <health>44</health>
            <constitutionModifier>2</constitutionModifier>
            <strengthModifier>3</strengthModifier>
            <dexterityModifier>0</dexterityModifier>
            <intelligenceModifier>0</intelligenceModifier>
            <charismaModifier>0</charismaModifier>
            <wisdomModifier>0</wisdomModifier>
            <level>1</level>
            <strength>17</strength>
            <constitution>14</constitution>
            <intelligence>15</intelligence>
            <charisma>20</charisma>
            <vitality>0</vitality>
            <inventory>
                <equippedWeapon>
                    <name>Weapons</name>
                    <itemID>0</itemID>
                    <intelligenceModifier>0</intelligenceModifier>
                    <wisdomModifier>0</wisdomModifier>
                    <strengthModifer>0</strengthModifer>
                    <constitutionModifier>0</constitutionModifier>
                    <charismaModifer>0</charismaModifer>
                    <dexterityModifer>0</dexterityModifer>
                    <armourPts>0</armourPts>
                    <weaponType>Melee Weapon</weaponType>
                    <attackRange>2</attackRange>
                    <attackPts>2</attackPts>
                </equippedWeapon>
                <chest>
                    <name>Armourr</name>
                    <itemID>0</itemID>
                    <intelligenceModifier>0</intelligenceModifier>
                    <wisdomModifier>0</wisdomModifier>
                    <strengthModifer>0</strengthModifer>
                    <constitutionModifier>0</constitutionModifier>
                    <charismaModifer>0</charismaModifer>
                    <dexterityModifer>0</dexterityModifer>
                    <armourPts>4</armourPts>
                    <armourType>chest</armourType>
                </chest>
                <shield>
                    <name>Armour</name>
                    <itemID>0</itemID>
                    <intelligenceModifier>0</intelligenceModifier>
                    <wisdomModifier>0</wisdomModifier>
                    <strengthModifer>0</strengthModifer>
                    <constitutionModifier>0</constitutionModifier>
                    <charismaModifer>0</charismaModifer>
                    <dexterityModifer>0</dexterityModifer>
                    <armourPts>2</armourPts>
                    <armourType>helmet</armourType>
                </shield>
                <items xsi:type="weapon">
                    <name>Weaponsss</name>
                    <itemID>0</itemID>
                    <intelligenceModifier>0</intelligenceModifier>
                    <wisdomModifier>0</wisdomModifier>
                    <strengthModifer>0</strengthModifer>
                    <constitutionModifier>0</constitutionModifier>
                    <charismaModifer>0</charismaModifer>
                    <dexterityModifer>0</dexterityModifer>
                    <armourPts>0</armourPts>
                    <weaponType>Ranged Weapon</weaponType>
                    <attackRange>2</attackRange>
                    <attackPts>2</attackPts>
                </items>
            </inventory>
            <dexterity>10</dexterity>
            <wisdom>13</wisdom>
            <attackedByPlayer>false</attackedByPlayer>
        </character>
    </character>
</characters>
